run_id,condition,planned_status,completed,notes
N01,neutral,preregistered,false,
N02,neutral,preregistered,false,
N03,neutral,preregistered,false,
N04,neutral,preregistered,false,
N05,neutral,preregistered,false,
N06,neutral,preregistered,false,
N07,neutral,preregistered,false,
N08,neutral,preregistered,false,
N09,neutral,preregistered,false,
N10,neutral,preregistered,false,
N11,neutral,preregistered,false,
N12,neutral,preregistered,false,
N13,neutral,preregistered,false,
N14,neutral,preregistered,false,
N15,neutral,preregistered,false,
N16,neutral,preregistered,false,
N17,neutral,preregistered,false,
N18,neutral,preregistered,false,
N19,neutral,preregistered,false,
N20,neutral,preregistered,false,
O01,outcome_pressure,preregistered,false,
O02,outcome_pressure,preregistered,false,
O03,outcome_pressure,preregistered,false,
O04,outcome_pressure,preregistered,false,
O05,outcome_pressure,preregistered,false,
O06,outcome_pressure,preregistered,false,
O07,outcome_pressure,preregistered,false,
O08,outcome_pressure,preregistered,false,
O09,outcome_pressure,preregistered,false,
O10,outcome_pressure,preregistered,false,
O11,outcome_pressure,preregistered,false,
O12,outcome_pressure,preregistered,false,
O13,outcome_pressure,preregistered,false,
O14,outcome_pressure,preregistered,false,
O15,outcome_pressure,preregistered,false,
O16,outcome_pressure,preregistered,false,
O17,outcome_pressure,preregistered,false,
O18,outcome_pressure,preregistered,false,
O19,outcome_pressure,preregistered,false,
O20,outcome_pressure,preregistered,false,
S01,skeptical_control,preregistered,false,
S02,skeptical_control,preregistered,false,
S03,skeptical_control,preregistered,false,
S04,skeptical_control,preregistered,false,
S05,skeptical_control,preregistered,false,
S06,skeptical_control,preregistered,false,
S07,skeptical_control,preregistered,false,
S08,skeptical_control,preregistered,false,
S09,skeptical_control,preregistered,false,
S10,skeptical_control,preregistered,false,
S11,skeptical_control,preregistered,false,
S12,skeptical_control,preregistered,false,
S13,skeptical_control,preregistered,false,
S14,skeptical_control,preregistered,false,
S15,skeptical_control,preregistered,false,
S16,skeptical_control,preregistered,false,
S17,skeptical_control,preregistered,false,
S18,skeptical_control,preregistered,false,
S19,skeptical_control,preregistered,false,
S20,skeptical_control,preregistered,false,
G01,ground_truth,preregistered,false,
G02,ground_truth,preregistered,false,
G03,ground_truth,preregistered,false,
G04,ground_truth,preregistered,false,
G05,ground_truth,preregistered,false,
G06,ground_truth,preregistered,false,
G07,ground_truth,preregistered,false,
G08,ground_truth,preregistered,false,
G09,ground_truth,preregistered,false,
G10,ground_truth,preregistered,false,
G11,ground_truth,preregistered,false,
G12,ground_truth,preregistered,false,
G13,ground_truth,preregistered,false,
G14,ground_truth,preregistered,false,
G15,ground_truth,preregistered,false,
G16,ground_truth,preregistered,false,
G17,ground_truth,preregistered,false,
G18,ground_truth,preregistered,false,
G19,ground_truth,preregistered,false,
G20,ground_truth,preregistered,false,
